"FullName","Extension","LastWriteTime"
"C:\Users\darre\OneDrive - hexcoder\Darren\Personal\Backups\Desktop\Learning\TUHH\MyNotes\On Statistical Modeling\00_Foundations","","3/4/2026 9:36:45 PM"
"C:\Users\darre\OneDrive - hexcoder\Darren\Personal\Backups\Desktop\Learning\TUHH\MyNotes\On Statistical Modeling\01_Distributions","","3/4/2026 8:04:28 PM"
"C:\Users\darre\OneDrive - hexcoder\Darren\Personal\Backups\Desktop\Learning\TUHH\MyNotes\On Statistical Modeling\02_Statistical_Inference","","3/4/2026 6:13:36 PM"
"C:\Users\darre\OneDrive - hexcoder\Darren\Personal\Backups\Desktop\Learning\TUHH\MyNotes\On Statistical Modeling\03_Statistical_Tests","","3/4/2026 7:36:17 PM"
"C:\Users\darre\OneDrive - hexcoder\Darren\Personal\Backups\Desktop\Learning\TUHH\MyNotes\On Statistical Modeling\04_Statistical_Models","","3/4/2026 6:13:36 PM"
"C:\Users\darre\OneDrive - hexcoder\Darren\Personal\Backups\Desktop\Learning\TUHH\MyNotes\On Statistical Modeling\05_Theorems_and_Lemmas","","3/4/2026 7:54:14 PM"
"C:\Users\darre\OneDrive - hexcoder\Darren\Personal\Backups\Desktop\Learning\TUHH\MyNotes\On Statistical Modeling\__Content_Part1","","3/3/2026 5:29:19 PM"
"C:\Users\darre\OneDrive - hexcoder\Darren\Personal\Backups\Desktop\Learning\TUHH\MyNotes\On Statistical Modeling\__Content_Part2","","1/30/2026 11:08:12 PM"
"C:\Users\darre\OneDrive - hexcoder\Darren\Personal\Backups\Desktop\Learning\TUHH\MyNotes\On Statistical Modeling\__Exercises","","3/4/2026 8:18:11 PM"
"C:\Users\darre\OneDrive - hexcoder\Darren\Personal\Backups\Desktop\Learning\TUHH\MyNotes\On Statistical Modeling\New Text Document.txt",".txt","3/4/2026 9:45:30 PM"
"C:\Users\darre\OneDrive - hexcoder\Darren\Personal\Backups\Desktop\Learning\TUHH\MyNotes\On Statistical Modeling\scanner.ps1",".ps1","3/4/2026 9:45:41 PM"
"C:\Users\darre\OneDrive - hexcoder\Darren\Personal\Backups\Desktop\Learning\TUHH\MyNotes\On Statistical Modeling\Vault_Structure_Snapshot.csv",".csv","3/4/2026 9:47:12 PM"
"C:\Users\darre\OneDrive - hexcoder\Darren\Personal\Backups\Desktop\Learning\TUHH\MyNotes\On Statistical Modeling\00_Foundations\Combinatorics","","3/4/2026 6:13:36 PM"
"C:\Users\darre\OneDrive - hexcoder\Darren\Personal\Backups\Desktop\Learning\TUHH\MyNotes\On Statistical Modeling\00_Foundations\Probability_Spaces","","3/4/2026 7:27:50 PM"
"C:\Users\darre\OneDrive - hexcoder\Darren\Personal\Backups\Desktop\Learning\TUHH\MyNotes\On Statistical Modeling\00_Foundations\Covariance Matrix.md",".md","3/4/2026 8:19:17 PM"
"C:\Users\darre\OneDrive - hexcoder\Darren\Personal\Backups\Desktop\Learning\TUHH\MyNotes\On Statistical Modeling\00_Foundations\Independent and Identically Distributed (i.i.d.).md",".md","3/4/2026 9:36:26 PM"
"C:\Users\darre\OneDrive - hexcoder\Darren\Personal\Backups\Desktop\Learning\TUHH\MyNotes\On Statistical Modeling\00_Foundations\Quantile.md",".md","3/4/2026 9:36:48 PM"
"C:\Users\darre\OneDrive - hexcoder\Darren\Personal\Backups\Desktop\Learning\TUHH\MyNotes\On Statistical Modeling\00_Foundations\R DPQR Functions.md",".md","3/4/2026 8:03:46 PM"
"C:\Users\darre\OneDrive - hexcoder\Darren\Personal\Backups\Desktop\Learning\TUHH\MyNotes\On Statistical Modeling\00_Foundations\Random Vector.md",".md","3/4/2026 9:40:12 PM"
"C:\Users\darre\OneDrive - hexcoder\Darren\Personal\Backups\Desktop\Learning\TUHH\MyNotes\On Statistical Modeling\00_Foundations\Uncorrelated Random Vectors.md",".md","3/4/2026 9:15:03 PM"
"C:\Users\darre\OneDrive - hexcoder\Darren\Personal\Backups\Desktop\Learning\TUHH\MyNotes\On Statistical Modeling\00_Foundations\Probability_Spaces\Data Generating Process.md",".md","3/4/2026 7:27:53 PM"
"C:\Users\darre\OneDrive - hexcoder\Darren\Personal\Backups\Desktop\Learning\TUHH\MyNotes\On Statistical Modeling\00_Foundations\Probability_Spaces\Probability Distribution.md",".md","3/4/2026 7:27:18 PM"
"C:\Users\darre\OneDrive - hexcoder\Darren\Personal\Backups\Desktop\Learning\TUHH\MyNotes\On Statistical Modeling\00_Foundations\Probability_Spaces\Random Variable.md",".md","3/4/2026 9:42:21 PM"
"C:\Users\darre\OneDrive - hexcoder\Darren\Personal\Backups\Desktop\Learning\TUHH\MyNotes\On Statistical Modeling\00_Foundations\Probability_Spaces\Statistic.md",".md","3/4/2026 8:04:28 PM"
"C:\Users\darre\OneDrive - hexcoder\Darren\Personal\Backups\Desktop\Learning\TUHH\MyNotes\On Statistical Modeling\01_Distributions\Continuous_Families","","3/4/2026 8:19:43 PM"
"C:\Users\darre\OneDrive - hexcoder\Darren\Personal\Backups\Desktop\Learning\TUHH\MyNotes\On Statistical Modeling\01_Distributions\Discrete_Families","","3/4/2026 8:52:35 PM"
"C:\Users\darre\OneDrive - hexcoder\Darren\Personal\Backups\Desktop\Learning\TUHH\MyNotes\On Statistical Modeling\01_Distributions\Sampling Distributions.md",".md","3/4/2026 8:04:55 PM"
"C:\Users\darre\OneDrive - hexcoder\Darren\Personal\Backups\Desktop\Learning\TUHH\MyNotes\On Statistical Modeling\01_Distributions\Continuous_Families\Chi-Squared Distribution.md",".md","3/4/2026 7:31:04 PM"
"C:\Users\darre\OneDrive - hexcoder\Darren\Personal\Backups\Desktop\Learning\TUHH\MyNotes\On Statistical Modeling\01_Distributions\Continuous_Families\F-Distribution.md",".md","3/4/2026 9:39:12 PM"
"C:\Users\darre\OneDrive - hexcoder\Darren\Personal\Backups\Desktop\Learning\TUHH\MyNotes\On Statistical Modeling\01_Distributions\Continuous_Families\Heavy-Tailed Distributions.md",".md","3/4/2026 8:47:29 PM"
"C:\Users\darre\OneDrive - hexcoder\Darren\Personal\Backups\Desktop\Learning\TUHH\MyNotes\On Statistical Modeling\01_Distributions\Continuous_Families\Multivariate Normal Distribution.md",".md","3/4/2026 8:19:31 PM"
"C:\Users\darre\OneDrive - hexcoder\Darren\Personal\Backups\Desktop\Learning\TUHH\MyNotes\On Statistical Modeling\01_Distributions\Continuous_Families\Normal Distribution.md",".md","3/4/2026 7:29:01 PM"
"C:\Users\darre\OneDrive - hexcoder\Darren\Personal\Backups\Desktop\Learning\TUHH\MyNotes\On Statistical Modeling\01_Distributions\Continuous_Families\Student's t-Distribution.md",".md","3/4/2026 9:37:48 PM"
"C:\Users\darre\OneDrive - hexcoder\Darren\Personal\Backups\Desktop\Learning\TUHH\MyNotes\On Statistical Modeling\01_Distributions\Discrete_Families\Bernoulli Distribution.md",".md","3/4/2026 8:52:50 PM"
"C:\Users\darre\OneDrive - hexcoder\Darren\Personal\Backups\Desktop\Learning\TUHH\MyNotes\On Statistical Modeling\01_Distributions\Discrete_Families\Binomial Distribution.md",".md","3/4/2026 8:53:22 PM"
"C:\Users\darre\OneDrive - hexcoder\Darren\Personal\Backups\Desktop\Learning\TUHH\MyNotes\On Statistical Modeling\01_Distributions\Discrete_Families\Poisson Distribution.md",".md","3/4/2026 8:51:30 PM"
"C:\Users\darre\OneDrive - hexcoder\Darren\Personal\Backups\Desktop\Learning\TUHH\MyNotes\On Statistical Modeling\02_Statistical_Inference\Estimation","","3/4/2026 9:12:24 PM"
"C:\Users\darre\OneDrive - hexcoder\Darren\Personal\Backups\Desktop\Learning\TUHH\MyNotes\On Statistical Modeling\02_Statistical_Inference\Hypothesis_Testing","","3/4/2026 7:35:10 PM"
"C:\Users\darre\OneDrive - hexcoder\Darren\Personal\Backups\Desktop\Learning\TUHH\MyNotes\On Statistical Modeling\02_Statistical_Inference\Estimation\Consistent Estimator.md",".md","3/4/2026 9:27:22 PM"
"C:\Users\darre\OneDrive - hexcoder\Darren\Personal\Backups\Desktop\Learning\TUHH\MyNotes\On Statistical Modeling\02_Statistical_Inference\Estimation\Estimator.md",".md","3/4/2026 9:24:34 PM"
"C:\Users\darre\OneDrive - hexcoder\Darren\Personal\Backups\Desktop\Learning\TUHH\MyNotes\On Statistical Modeling\02_Statistical_Inference\Estimation\Maximum Likelihood Estimation.md",".md","3/4/2026 9:28:36 PM"
"C:\Users\darre\OneDrive - hexcoder\Darren\Personal\Backups\Desktop\Learning\TUHH\MyNotes\On Statistical Modeling\02_Statistical_Inference\Estimation\Ordinary Least Squares (OLS).md",".md","3/4/2026 7:50:33 PM"
"C:\Users\darre\OneDrive - hexcoder\Darren\Personal\Backups\Desktop\Learning\TUHH\MyNotes\On Statistical Modeling\02_Statistical_Inference\Estimation\Unbiased Estimator.md",".md","3/4/2026 9:25:00 PM"
"C:\Users\darre\OneDrive - hexcoder\Darren\Personal\Backups\Desktop\Learning\TUHH\MyNotes\On Statistical Modeling\02_Statistical_Inference\Hypothesis_Testing\Alternative Hypothesis.md",".md","3/4/2026 7:40:53 PM"
"C:\Users\darre\OneDrive - hexcoder\Darren\Personal\Backups\Desktop\Learning\TUHH\MyNotes\On Statistical Modeling\02_Statistical_Inference\Hypothesis_Testing\Confidence Interval.md",".md","3/4/2026 8:37:38 PM"
"C:\Users\darre\OneDrive - hexcoder\Darren\Personal\Backups\Desktop\Learning\TUHH\MyNotes\On Statistical Modeling\02_Statistical_Inference\Hypothesis_Testing\Null Hypothesis Significance Testing (NHST).md",".md","3/4/2026 7:36:48 PM"
"C:\Users\darre\OneDrive - hexcoder\Darren\Personal\Backups\Desktop\Learning\TUHH\MyNotes\On Statistical Modeling\02_Statistical_Inference\Hypothesis_Testing\Statistical Power.md",".md","3/4/2026 7:42:20 PM"
"C:\Users\darre\OneDrive - hexcoder\Darren\Personal\Backups\Desktop\Learning\TUHH\MyNotes\On Statistical Modeling\02_Statistical_Inference\Hypothesis_Testing\Type I Error.md",".md","3/4/2026 7:41:32 PM"
"C:\Users\darre\OneDrive - hexcoder\Darren\Personal\Backups\Desktop\Learning\TUHH\MyNotes\On Statistical Modeling\02_Statistical_Inference\Hypothesis_Testing\Type II Error.md",".md","3/4/2026 7:41:41 PM"
"C:\Users\darre\OneDrive - hexcoder\Darren\Personal\Backups\Desktop\Learning\TUHH\MyNotes\On Statistical Modeling\03_Statistical_Tests\Categorical_Tests","","3/4/2026 7:36:01 PM"
"C:\Users\darre\OneDrive - hexcoder\Darren\Personal\Backups\Desktop\Learning\TUHH\MyNotes\On Statistical Modeling\03_Statistical_Tests\Nonparametric_Tests","","3/4/2026 6:13:36 PM"
"C:\Users\darre\OneDrive - hexcoder\Darren\Personal\Backups\Desktop\Learning\TUHH\MyNotes\On Statistical Modeling\03_Statistical_Tests\Parametric_Tests","","3/4/2026 7:35:41 PM"
"C:\Users\darre\OneDrive - hexcoder\Darren\Personal\Backups\Desktop\Learning\TUHH\MyNotes\On Statistical Modeling\03_Statistical_Tests\Statistical Test Selection.md",".md","3/4/2026 7:49:02 PM"
"C:\Users\darre\OneDrive - hexcoder\Darren\Personal\Backups\Desktop\Learning\TUHH\MyNotes\On Statistical Modeling\03_Statistical_Tests\Categorical_Tests\Pearson Chi-Squared Test.md",".md","3/4/2026 8:41:21 PM"
"C:\Users\darre\OneDrive - hexcoder\Darren\Personal\Backups\Desktop\Learning\TUHH\MyNotes\On Statistical Modeling\03_Statistical_Tests\Parametric_Tests\Analysis of Variance (ANOVA).md",".md","3/4/2026 7:54:26 PM"
"C:\Users\darre\OneDrive - hexcoder\Darren\Personal\Backups\Desktop\Learning\TUHH\MyNotes\On Statistical Modeling\03_Statistical_Tests\Parametric_Tests\One-Sample t-Test.md",".md","3/4/2026 7:44:10 PM"
"C:\Users\darre\OneDrive - hexcoder\Darren\Personal\Backups\Desktop\Learning\TUHH\MyNotes\On Statistical Modeling\03_Statistical_Tests\Parametric_Tests\Two-Sample t-Test.md",".md","3/4/2026 7:45:07 PM"
"C:\Users\darre\OneDrive - hexcoder\Darren\Personal\Backups\Desktop\Learning\TUHH\MyNotes\On Statistical Modeling\04_Statistical_Models\Linear_Regression","","3/4/2026 8:21:18 PM"
"C:\Users\darre\OneDrive - hexcoder\Darren\Personal\Backups\Desktop\Learning\TUHH\MyNotes\On Statistical Modeling\04_Statistical_Models\Logistic_Regression","","3/4/2026 8:23:20 PM"
"C:\Users\darre\OneDrive - hexcoder\Darren\Personal\Backups\Desktop\Learning\TUHH\MyNotes\On Statistical Modeling\04_Statistical_Models\Non-Linear_Regression","","3/4/2026 8:22:33 PM"
"C:\Users\darre\OneDrive - hexcoder\Darren\Personal\Backups\Desktop\Learning\TUHH\MyNotes\On Statistical Modeling\04_Statistical_Models\Linear_Regression\ANOVA-Regression Equivalence.md",".md","3/4/2026 7:56:04 PM"
"C:\Users\darre\OneDrive - hexcoder\Darren\Personal\Backups\Desktop\Learning\TUHH\MyNotes\On Statistical Modeling\04_Statistical_Models\Linear_Regression\Coefficient of Determination (R-squared).md",".md","3/4/2026 8:10:35 PM"
"C:\Users\darre\OneDrive - hexcoder\Darren\Personal\Backups\Desktop\Learning\TUHH\MyNotes\On Statistical Modeling\04_Statistical_Models\Linear_Regression\Design Matrix.md",".md","3/4/2026 8:20:13 PM"
"C:\Users\darre\OneDrive - hexcoder\Darren\Personal\Backups\Desktop\Learning\TUHH\MyNotes\On Statistical Modeling\04_Statistical_Models\Linear_Regression\Gaussian Linear Model.md",".md","3/4/2026 7:55:28 PM"
"C:\Users\darre\OneDrive - hexcoder\Darren\Personal\Backups\Desktop\Learning\TUHH\MyNotes\On Statistical Modeling\04_Statistical_Models\Linear_Regression\Hat Matrix.md",".md","3/4/2026 8:21:04 PM"
"C:\Users\darre\OneDrive - hexcoder\Darren\Personal\Backups\Desktop\Learning\TUHH\MyNotes\On Statistical Modeling\04_Statistical_Models\Linear_Regression\Linear Hypothesis Testing.md",".md","3/4/2026 8:21:13 PM"
"C:\Users\darre\OneDrive - hexcoder\Darren\Personal\Backups\Desktop\Learning\TUHH\MyNotes\On Statistical Modeling\04_Statistical_Models\Linear_Regression\Matrix Formulation of OLS.md",".md","3/4/2026 8:21:01 PM"
"C:\Users\darre\OneDrive - hexcoder\Darren\Personal\Backups\Desktop\Learning\TUHH\MyNotes\On Statistical Modeling\04_Statistical_Models\Linear_Regression\Orthogonal Projection Matrix.md",".md","3/4/2026 8:20:39 PM"
"C:\Users\darre\OneDrive - hexcoder\Darren\Personal\Backups\Desktop\Learning\TUHH\MyNotes\On Statistical Modeling\04_Statistical_Models\Logistic_Regression\Binary Regression Framework.md",".md","3/4/2026 8:22:55 PM"
"C:\Users\darre\OneDrive - hexcoder\Darren\Personal\Backups\Desktop\Learning\TUHH\MyNotes\On Statistical Modeling\04_Statistical_Models\Logistic_Regression\Logistic MLE.md",".md","3/4/2026 8:23:20 PM"
"C:\Users\darre\OneDrive - hexcoder\Darren\Personal\Backups\Desktop\Learning\TUHH\MyNotes\On Statistical Modeling\04_Statistical_Models\Logistic_Regression\Logistic Regression Model.md",".md","3/4/2026 8:23:12 PM"
"C:\Users\darre\OneDrive - hexcoder\Darren\Personal\Backups\Desktop\Learning\TUHH\MyNotes\On Statistical Modeling\04_Statistical_Models\Logistic_Regression\Logit Link Function.md",".md","3/4/2026 8:23:01 PM"
"C:\Users\darre\OneDrive - hexcoder\Darren\Personal\Backups\Desktop\Learning\TUHH\MyNotes\On Statistical Modeling\04_Statistical_Models\Non-Linear_Regression\Non-Linear Least Squares.md",".md","3/4/2026 8:22:27 PM"
"C:\Users\darre\OneDrive - hexcoder\Darren\Personal\Backups\Desktop\Learning\TUHH\MyNotes\On Statistical Modeling\04_Statistical_Models\Non-Linear_Regression\Non-Linear MLE.md",".md","3/4/2026 8:22:32 PM"
"C:\Users\darre\OneDrive - hexcoder\Darren\Personal\Backups\Desktop\Learning\TUHH\MyNotes\On Statistical Modeling\04_Statistical_Models\Non-Linear_Regression\Non-Linear Regression Model.md",".md","3/4/2026 8:22:20 PM"
"C:\Users\darre\OneDrive - hexcoder\Darren\Personal\Backups\Desktop\Learning\TUHH\MyNotes\On Statistical Modeling\05_Theorems_and_Lemmas\Inequalities","","3/4/2026 6:13:36 PM"
"C:\Users\darre\OneDrive - hexcoder\Darren\Personal\Backups\Desktop\Learning\TUHH\MyNotes\On Statistical Modeling\05_Theorems_and_Lemmas\Limit_Theorems","","3/4/2026 9:11:20 PM"
"C:\Users\darre\OneDrive - hexcoder\Darren\Personal\Backups\Desktop\Learning\TUHH\MyNotes\On Statistical Modeling\05_Theorems_and_Lemmas\Linear_Algebra_Properties","","3/4/2026 6:13:36 PM"
"C:\Users\darre\OneDrive - hexcoder\Darren\Personal\Backups\Desktop\Learning\TUHH\MyNotes\On Statistical Modeling\05_Theorems_and_Lemmas\Model Properties","","3/4/2026 9:11:43 PM"
"C:\Users\darre\OneDrive - hexcoder\Darren\Personal\Backups\Desktop\Learning\TUHH\MyNotes\On Statistical Modeling\05_Theorems_and_Lemmas\Stochastic_Convergence","","3/4/2026 9:10:57 PM"
"C:\Users\darre\OneDrive - hexcoder\Darren\Personal\Backups\Desktop\Learning\TUHH\MyNotes\On Statistical Modeling\05_Theorems_and_Lemmas\Limit_Theorems\Central Limit Theorem.md",".md","3/4/2026 7:56:56 PM"
"C:\Users\darre\OneDrive - hexcoder\Darren\Personal\Backups\Desktop\Learning\TUHH\MyNotes\On Statistical Modeling\05_Theorems_and_Lemmas\Limit_Theorems\Continuous Mapping Theorem.md",".md","3/4/2026 8:23:36 PM"
"C:\Users\darre\OneDrive - hexcoder\Darren\Personal\Backups\Desktop\Learning\TUHH\MyNotes\On Statistical Modeling\05_Theorems_and_Lemmas\Limit_Theorems\Law of Large Numbers (LLN).md",".md","3/4/2026 9:20:55 PM"
"C:\Users\darre\OneDrive - hexcoder\Darren\Personal\Backups\Desktop\Learning\TUHH\MyNotes\On Statistical Modeling\05_Theorems_and_Lemmas\Limit_Theorems\Multivariate Central Limit Theorem.md",".md","3/4/2026 9:22:07 PM"
"C:\Users\darre\OneDrive - hexcoder\Darren\Personal\Backups\Desktop\Learning\TUHH\MyNotes\On Statistical Modeling\05_Theorems_and_Lemmas\Limit_Theorems\Slutsky's Theorem.md",".md","3/4/2026 7:58:23 PM"
"C:\Users\darre\OneDrive - hexcoder\Darren\Personal\Backups\Desktop\Learning\TUHH\MyNotes\On Statistical Modeling\05_Theorems_and_Lemmas\Model Properties\Gauss-Markov Theorem.md",".md","3/4/2026 8:21:36 PM"
"C:\Users\darre\OneDrive - hexcoder\Darren\Personal\Backups\Desktop\Learning\TUHH\MyNotes\On Statistical Modeling\05_Theorems_and_Lemmas\Model Properties\Gaussian Chi Squared Theorem.md",".md","3/4/2026 8:00:11 PM"
"C:\Users\darre\OneDrive - hexcoder\Darren\Personal\Backups\Desktop\Learning\TUHH\MyNotes\On Statistical Modeling\05_Theorems_and_Lemmas\Model Properties\Gaussian MLE Theorem.md",".md","3/4/2026 8:00:18 PM"
"C:\Users\darre\OneDrive - hexcoder\Darren\Personal\Backups\Desktop\Learning\TUHH\MyNotes\On Statistical Modeling\05_Theorems_and_Lemmas\Model Properties\Independence of Sample Mean and Variance.md",".md","3/4/2026 7:59:34 PM"
"C:\Users\darre\OneDrive - hexcoder\Darren\Personal\Backups\Desktop\Learning\TUHH\MyNotes\On Statistical Modeling\05_Theorems_and_Lemmas\Model Properties\Independence of Uncorrelated Normal Variables.md",".md","3/4/2026 9:16:00 PM"
"C:\Users\darre\OneDrive - hexcoder\Darren\Personal\Backups\Desktop\Learning\TUHH\MyNotes\On Statistical Modeling\05_Theorems_and_Lemmas\Model Properties\Law of Total Variance.md",".md","3/4/2026 8:43:57 PM"
"C:\Users\darre\OneDrive - hexcoder\Darren\Personal\Backups\Desktop\Learning\TUHH\MyNotes\On Statistical Modeling\05_Theorems_and_Lemmas\Stochastic_Convergence\Almost Sure Convergence.md",".md","3/4/2026 9:18:31 PM"
"C:\Users\darre\OneDrive - hexcoder\Darren\Personal\Backups\Desktop\Learning\TUHH\MyNotes\On Statistical Modeling\05_Theorems_and_Lemmas\Stochastic_Convergence\Convergence in Distribution.md",".md","3/4/2026 9:20:04 PM"
"C:\Users\darre\OneDrive - hexcoder\Darren\Personal\Backups\Desktop\Learning\TUHH\MyNotes\On Statistical Modeling\05_Theorems_and_Lemmas\Stochastic_Convergence\Convergence in Probability.md",".md","3/4/2026 9:16:45 PM"
"C:\Users\darre\OneDrive - hexcoder\Darren\Personal\Backups\Desktop\Learning\TUHH\MyNotes\On Statistical Modeling\__Content_Part1\Lecture_Notes_01_04.pdf",".pdf","1/30/2026 9:21:04 PM"
"C:\Users\darre\OneDrive - hexcoder\Darren\Personal\Backups\Desktop\Learning\TUHH\MyNotes\On Statistical Modeling\__Content_Part1\Lecture_Notes_07_01.pdf",".pdf","1/30/2026 9:21:04 PM"
"C:\Users\darre\OneDrive - hexcoder\Darren\Personal\Backups\Desktop\Learning\TUHH\MyNotes\On Statistical Modeling\__Content_Part1\Lecture_Notes_14_05.pdf",".pdf","1/30/2026 9:21:04 PM"
"C:\Users\darre\OneDrive - hexcoder\Darren\Personal\Backups\Desktop\Learning\TUHH\MyNotes\On Statistical Modeling\__Content_Part1\Lecture_Notes_Statistics.pdf",".pdf","1/30/2026 9:21:04 PM"
"C:\Users\darre\OneDrive - hexcoder\Darren\Personal\Backups\Desktop\Learning\TUHH\MyNotes\On Statistical Modeling\__Content_Part1\Lecture_Notes_Stochastics.pdf",".pdf","1/30/2026 9:21:04 PM"
"C:\Users\darre\OneDrive - hexcoder\Darren\Personal\Backups\Desktop\Learning\TUHH\MyNotes\On Statistical Modeling\__Content_Part2\Lecture01.pdf",".pdf","1/30/2026 9:21:04 PM"
"C:\Users\darre\OneDrive - hexcoder\Darren\Personal\Backups\Desktop\Learning\TUHH\MyNotes\On Statistical Modeling\__Content_Part2\Lecture02.pdf",".pdf","1/30/2026 9:21:04 PM"
"C:\Users\darre\OneDrive - hexcoder\Darren\Personal\Backups\Desktop\Learning\TUHH\MyNotes\On Statistical Modeling\__Content_Part2\Lecture03.pdf",".pdf","1/30/2026 9:21:04 PM"
"C:\Users\darre\OneDrive - hexcoder\Darren\Personal\Backups\Desktop\Learning\TUHH\MyNotes\On Statistical Modeling\__Content_Part2\Lecture04.pdf",".pdf","1/30/2026 9:21:04 PM"
"C:\Users\darre\OneDrive - hexcoder\Darren\Personal\Backups\Desktop\Learning\TUHH\MyNotes\On Statistical Modeling\__Content_Part2\Lecture05.pdf",".pdf","1/30/2026 9:21:04 PM"
"C:\Users\darre\OneDrive - hexcoder\Darren\Personal\Backups\Desktop\Learning\TUHH\MyNotes\On Statistical Modeling\__Content_Part2\Lecture06.pdf",".pdf","1/30/2026 9:21:04 PM"
"C:\Users\darre\OneDrive - hexcoder\Darren\Personal\Backups\Desktop\Learning\TUHH\MyNotes\On Statistical Modeling\__Content_Part2\Lecture07.pdf",".pdf","1/30/2026 9:21:04 PM"
"C:\Users\darre\OneDrive - hexcoder\Darren\Personal\Backups\Desktop\Learning\TUHH\MyNotes\On Statistical Modeling\__Content_Part2\Lecture08.pdf",".pdf","1/30/2026 9:21:04 PM"
"C:\Users\darre\OneDrive - hexcoder\Darren\Personal\Backups\Desktop\Learning\TUHH\MyNotes\On Statistical Modeling\__Content_Part2\Lecture09.pdf",".pdf","1/30/2026 9:21:04 PM"
"C:\Users\darre\OneDrive - hexcoder\Darren\Personal\Backups\Desktop\Learning\TUHH\MyNotes\On Statistical Modeling\__Exercises\LMR_Schulte","","1/30/2026 11:08:12 PM"
"C:\Users\darre\OneDrive - hexcoder\Darren\Personal\Backups\Desktop\Learning\TUHH\MyNotes\On Statistical Modeling\__Exercises\Mock Exam","","1/30/2026 11:08:12 PM"
"C:\Users\darre\OneDrive - hexcoder\Darren\Personal\Backups\Desktop\Learning\TUHH\MyNotes\On Statistical Modeling\__Exercises\SM_Ay","","1/30/2026 11:08:12 PM"
"C:\Users\darre\OneDrive - hexcoder\Darren\Personal\Backups\Desktop\Learning\TUHH\MyNotes\On Statistical Modeling\__Exercises\SM_Lineau","","2/27/2026 7:58:25 PM"
"C:\Users\darre\OneDrive - hexcoder\Darren\Personal\Backups\Desktop\Learning\TUHH\MyNotes\On Statistical Modeling\__Exercises\_Solutions","","3/4/2026 8:36:57 PM"
"C:\Users\darre\OneDrive - hexcoder\Darren\Personal\Backups\Desktop\Learning\TUHH\MyNotes\On Statistical Modeling\__Exercises\LMR_Schulte\1. Exercise.pdf",".pdf","1/30/2026 9:21:04 PM"
"C:\Users\darre\OneDrive - hexcoder\Darren\Personal\Backups\Desktop\Learning\TUHH\MyNotes\On Statistical Modeling\__Exercises\LMR_Schulte\2. Exercise.pdf",".pdf","1/30/2026 9:21:04 PM"
"C:\Users\darre\OneDrive - hexcoder\Darren\Personal\Backups\Desktop\Learning\TUHH\MyNotes\On Statistical Modeling\__Exercises\LMR_Schulte\3. Exercise.pdf",".pdf","1/30/2026 9:21:04 PM"
"C:\Users\darre\OneDrive - hexcoder\Darren\Personal\Backups\Desktop\Learning\TUHH\MyNotes\On Statistical Modeling\__Exercises\LMR_Schulte\4. Exercise.pdf",".pdf","1/30/2026 9:21:04 PM"
"C:\Users\darre\OneDrive - hexcoder\Darren\Personal\Backups\Desktop\Learning\TUHH\MyNotes\On Statistical Modeling\__Exercises\LMR_Schulte\5. Exercise.pdf",".pdf","1/30/2026 9:21:04 PM"
"C:\Users\darre\OneDrive - hexcoder\Darren\Personal\Backups\Desktop\Learning\TUHH\MyNotes\On Statistical Modeling\__Exercises\Mock Exam\Mock_exam.pdf",".pdf","1/30/2026 9:21:04 PM"
"C:\Users\darre\OneDrive - hexcoder\Darren\Personal\Backups\Desktop\Learning\TUHH\MyNotes\On Statistical Modeling\__Exercises\Mock Exam\Mock_exam_2.pdf",".pdf","1/30/2026 9:21:04 PM"
"C:\Users\darre\OneDrive - hexcoder\Darren\Personal\Backups\Desktop\Learning\TUHH\MyNotes\On Statistical Modeling\__Exercises\Mock Exam\Mock_exam_first_half.pdf",".pdf","1/30/2026 9:21:04 PM"
"C:\Users\darre\OneDrive - hexcoder\Darren\Personal\Backups\Desktop\Learning\TUHH\MyNotes\On Statistical Modeling\__Exercises\Mock Exam\Solutions (1).pdf",".pdf","1/30/2026 9:21:04 PM"
"C:\Users\darre\OneDrive - hexcoder\Darren\Personal\Backups\Desktop\Learning\TUHH\MyNotes\On Statistical Modeling\__Exercises\Mock Exam\Solutions.pdf",".pdf","1/30/2026 9:21:04 PM"
"C:\Users\darre\OneDrive - hexcoder\Darren\Personal\Backups\Desktop\Learning\TUHH\MyNotes\On Statistical Modeling\__Exercises\Mock Exam\Solutions_Mock_exam_first_half.pdf",".pdf","1/30/2026 9:21:04 PM"
"C:\Users\darre\OneDrive - hexcoder\Darren\Personal\Backups\Desktop\Learning\TUHH\MyNotes\On Statistical Modeling\__Exercises\SM_Ay\Exercises01_Ay.pdf",".pdf","1/30/2026 9:21:04 PM"
"C:\Users\darre\OneDrive - hexcoder\Darren\Personal\Backups\Desktop\Learning\TUHH\MyNotes\On Statistical Modeling\__Exercises\SM_Ay\Exercises02_Ay.pdf",".pdf","1/30/2026 9:21:04 PM"
"C:\Users\darre\OneDrive - hexcoder\Darren\Personal\Backups\Desktop\Learning\TUHH\MyNotes\On Statistical Modeling\__Exercises\SM_Ay\Exercises03_Ay.pdf",".pdf","1/30/2026 9:21:04 PM"
"C:\Users\darre\OneDrive - hexcoder\Darren\Personal\Backups\Desktop\Learning\TUHH\MyNotes\On Statistical Modeling\__Exercises\SM_Ay\Exercises04_Ay.pdf",".pdf","1/30/2026 9:21:04 PM"
"C:\Users\darre\OneDrive - hexcoder\Darren\Personal\Backups\Desktop\Learning\TUHH\MyNotes\On Statistical Modeling\__Exercises\SM_Lineau\Exercise1 (1).pdf",".pdf","2/27/2026 7:58:22 PM"
"C:\Users\darre\OneDrive - hexcoder\Darren\Personal\Backups\Desktop\Learning\TUHH\MyNotes\On Statistical Modeling\__Exercises\SM_Lineau\Exercise2 (1).pdf",".pdf","2/27/2026 7:58:23 PM"
"C:\Users\darre\OneDrive - hexcoder\Darren\Personal\Backups\Desktop\Learning\TUHH\MyNotes\On Statistical Modeling\__Exercises\SM_Lineau\Exercise3 (1).pdf",".pdf","2/27/2026 7:58:25 PM"
"C:\Users\darre\OneDrive - hexcoder\Darren\Personal\Backups\Desktop\Learning\TUHH\MyNotes\On Statistical Modeling\__Exercises\_Solutions\SM_Lineau_Exercise","","3/4/2026 8:54:13 PM"
"C:\Users\darre\OneDrive - hexcoder\Darren\Personal\Backups\Desktop\Learning\TUHH\MyNotes\On Statistical Modeling\__Exercises\_Solutions\SM_Lineau_Lecture","","3/4/2026 8:36:49 PM"
"C:\Users\darre\OneDrive - hexcoder\Darren\Personal\Backups\Desktop\Learning\TUHH\MyNotes\On Statistical Modeling\__Exercises\_Solutions\SM_Lineau_Exercise\Exercise 1","","3/4/2026 8:53:57 PM"
"C:\Users\darre\OneDrive - hexcoder\Darren\Personal\Backups\Desktop\Learning\TUHH\MyNotes\On Statistical Modeling\__Exercises\_Solutions\SM_Lineau_Exercise\Exercise 2","","3/4/2026 8:54:11 PM"
"C:\Users\darre\OneDrive - hexcoder\Darren\Personal\Backups\Desktop\Learning\TUHH\MyNotes\On Statistical Modeling\__Exercises\_Solutions\SM_Lineau_Exercise\Exercise 3","","3/4/2026 8:54:18 PM"
